relampo0001@testingyes.com,tester12345
relampo0002@testingyes.com,tester12345
relampo0003@testingyes.com,tester12345
relampo0004@testingyes.com,tester12345
relampo0005@testingyes.com,tester12345
relampo0006@testingyes.com,tester12345
relampo0007@testingyes.com,tester12345
relampo0008@testingyes.com,tester12345
relampo0009@testingyes.com,tester12345
relampo0010@testingyes.com,tester12345
relampo0011@testingyes.com,tester12345
relampo0012@testingyes.com,tester12345
relampo0013@testingyes.com,tester12345
relampo0014@testingyes.com,tester12345
relampo0015@testingyes.com,tester12345
relampo0016@testingyes.com,tester12345
relampo0017@testingyes.com,tester12345
relampo0018@testingyes.com,tester12345
relampo0019@testingyes.com,tester12345
relampo0020@testingyes.com,tester12345
relampo0021@testingyes.com,tester12345
relampo0022@testingyes.com,tester12345
relampo0023@testingyes.com,tester12345
relampo0024@testingyes.com,tester12345
relampo0025@testingyes.com,tester12345
relampo0026@testingyes.com,tester12345
relampo0027@testingyes.com,tester12345
relampo0028@testingyes.com,tester12345
relampo0029@testingyes.com,tester12345
relampo0030@testingyes.com,tester12345
relampo0031@testingyes.com,tester12345
relampo0032@testingyes.com,tester12345
relampo0033@testingyes.com,tester12345
relampo0034@testingyes.com,tester12345
relampo0035@testingyes.com,tester12345
relampo0036@testingyes.com,tester12345
relampo0037@testingyes.com,tester12345
relampo0038@testingyes.com,tester12345
relampo0039@testingyes.com,tester12345
relampo0040@testingyes.com,tester12345
relampo0041@testingyes.com,tester12345
relampo0042@testingyes.com,tester12345
relampo0043@testingyes.com,tester12345
relampo0044@testingyes.com,tester12345
relampo0045@testingyes.com,tester12345
relampo0046@testingyes.com,tester12345
relampo0047@testingyes.com,tester12345
relampo0048@testingyes.com,tester12345
relampo0049@testingyes.com,tester12345
relampo0050@testingyes.com,tester12345
relampo0051@testingyes.com,tester12345
relampo0052@testingyes.com,tester12345
relampo0053@testingyes.com,tester12345
relampo0054@testingyes.com,tester12345
relampo0055@testingyes.com,tester12345
relampo0056@testingyes.com,tester12345
relampo0057@testingyes.com,tester12345
relampo0058@testingyes.com,tester12345
relampo0059@testingyes.com,tester12345
relampo0060@testingyes.com,tester12345
relampo0061@testingyes.com,tester12345
relampo0062@testingyes.com,tester12345
relampo0063@testingyes.com,tester12345
relampo0064@testingyes.com,tester12345
relampo0065@testingyes.com,tester12345
relampo0066@testingyes.com,tester12345
relampo0067@testingyes.com,tester12345
relampo0068@testingyes.com,tester12345
relampo0069@testingyes.com,tester12345
relampo0070@testingyes.com,tester12345
relampo0071@testingyes.com,tester12345
relampo0072@testingyes.com,tester12345
relampo0073@testingyes.com,tester12345
relampo0074@testingyes.com,tester12345
relampo0075@testingyes.com,tester12345
relampo0076@testingyes.com,tester12345
relampo0077@testingyes.com,tester12345
relampo0078@testingyes.com,tester12345
relampo0079@testingyes.com,tester12345
relampo0080@testingyes.com,tester12345
relampo0081@testingyes.com,tester12345
relampo0082@testingyes.com,tester12345
relampo0083@testingyes.com,tester12345
relampo0084@testingyes.com,tester12345
relampo0085@testingyes.com,tester12345
relampo0086@testingyes.com,tester12345
relampo0087@testingyes.com,tester12345
relampo0088@testingyes.com,tester12345
relampo0089@testingyes.com,tester12345
relampo0090@testingyes.com,tester12345
relampo0091@testingyes.com,tester12345
relampo0092@testingyes.com,tester12345
relampo0093@testingyes.com,tester12345
relampo0094@testingyes.com,tester12345
relampo0095@testingyes.com,tester12345
relampo0096@testingyes.com,tester12345
relampo0097@testingyes.com,tester12345
relampo0098@testingyes.com,tester12345
relampo0099@testingyes.com,tester12345
relampo0100@testingyes.com,tester12345
relampo0101@testingyes.com,tester12345
relampo0102@testingyes.com,tester12345
relampo0103@testingyes.com,tester12345
relampo0104@testingyes.com,tester12345
relampo0105@testingyes.com,tester12345
relampo0106@testingyes.com,tester12345
relampo0107@testingyes.com,tester12345
relampo0108@testingyes.com,tester12345
relampo0109@testingyes.com,tester12345
relampo0110@testingyes.com,tester12345
relampo0111@testingyes.com,tester12345
relampo0112@testingyes.com,tester12345
relampo0113@testingyes.com,tester12345
relampo0114@testingyes.com,tester12345
relampo0115@testingyes.com,tester12345
relampo0116@testingyes.com,tester12345
relampo0117@testingyes.com,tester12345
relampo0118@testingyes.com,tester12345
relampo0119@testingyes.com,tester12345
relampo0120@testingyes.com,tester12345
relampo0121@testingyes.com,tester12345
relampo0122@testingyes.com,tester12345
relampo0123@testingyes.com,tester12345
relampo0124@testingyes.com,tester12345
relampo0125@testingyes.com,tester12345
relampo0126@testingyes.com,tester12345
relampo0127@testingyes.com,tester12345
relampo0128@testingyes.com,tester12345
relampo0129@testingyes.com,tester12345
relampo0130@testingyes.com,tester12345
relampo0131@testingyes.com,tester12345
relampo0132@testingyes.com,tester12345
relampo0133@testingyes.com,tester12345
relampo0134@testingyes.com,tester12345
relampo0135@testingyes.com,tester12345
relampo0136@testingyes.com,tester12345
relampo0137@testingyes.com,tester12345
relampo0138@testingyes.com,tester12345
relampo0139@testingyes.com,tester12345
relampo0140@testingyes.com,tester12345
relampo0141@testingyes.com,tester12345
relampo0142@testingyes.com,tester12345
relampo0143@testingyes.com,tester12345
relampo0144@testingyes.com,tester12345
relampo0145@testingyes.com,tester12345
relampo0146@testingyes.com,tester12345
relampo0147@testingyes.com,tester12345
relampo0148@testingyes.com,tester12345
relampo0149@testingyes.com,tester12345
relampo0150@testingyes.com,tester12345
relampo0151@testingyes.com,tester12345
relampo0152@testingyes.com,tester12345
relampo0153@testingyes.com,tester12345
relampo0154@testingyes.com,tester12345
relampo0155@testingyes.com,tester12345
relampo0156@testingyes.com,tester12345
relampo0157@testingyes.com,tester12345
relampo0158@testingyes.com,tester12345
relampo0159@testingyes.com,tester12345
relampo0160@testingyes.com,tester12345
relampo0161@testingyes.com,tester12345
relampo0162@testingyes.com,tester12345
relampo0163@testingyes.com,tester12345
relampo0164@testingyes.com,tester12345
relampo0165@testingyes.com,tester12345
relampo0166@testingyes.com,tester12345
relampo0167@testingyes.com,tester12345
relampo0168@testingyes.com,tester12345
relampo0169@testingyes.com,tester12345
relampo0170@testingyes.com,tester12345
relampo0171@testingyes.com,tester12345
relampo0172@testingyes.com,tester12345
relampo0173@testingyes.com,tester12345
relampo0174@testingyes.com,tester12345
relampo0175@testingyes.com,tester12345
relampo0176@testingyes.com,tester12345
relampo0177@testingyes.com,tester12345
relampo0178@testingyes.com,tester12345
relampo0179@testingyes.com,tester12345
relampo0180@testingyes.com,tester12345
relampo0181@testingyes.com,tester12345
relampo0182@testingyes.com,tester12345
relampo0183@testingyes.com,tester12345
relampo0184@testingyes.com,tester12345
relampo0185@testingyes.com,tester12345
relampo0186@testingyes.com,tester12345
relampo0187@testingyes.com,tester12345
relampo0188@testingyes.com,tester12345
relampo0189@testingyes.com,tester12345
relampo0190@testingyes.com,tester12345
relampo0191@testingyes.com,tester12345
relampo0192@testingyes.com,tester12345
relampo0193@testingyes.com,tester12345
relampo0194@testingyes.com,tester12345
relampo0195@testingyes.com,tester12345
relampo0196@testingyes.com,tester12345
relampo0197@testingyes.com,tester12345
relampo0198@testingyes.com,tester12345
relampo0199@testingyes.com,tester12345
relampo0200@testingyes.com,tester12345
relampo0201@testingyes.com,tester12345
relampo0202@testingyes.com,tester12345
relampo0203@testingyes.com,tester12345
relampo0204@testingyes.com,tester12345
relampo0205@testingyes.com,tester12345
relampo0206@testingyes.com,tester12345
relampo0207@testingyes.com,tester12345
relampo0208@testingyes.com,tester12345
relampo0209@testingyes.com,tester12345
relampo0210@testingyes.com,tester12345
relampo0211@testingyes.com,tester12345
relampo0212@testingyes.com,tester12345
relampo0213@testingyes.com,tester12345
relampo0214@testingyes.com,tester12345
relampo0215@testingyes.com,tester12345
relampo0216@testingyes.com,tester12345
relampo0217@testingyes.com,tester12345
relampo0218@testingyes.com,tester12345
relampo0219@testingyes.com,tester12345
relampo0220@testingyes.com,tester12345
relampo0221@testingyes.com,tester12345
relampo0222@testingyes.com,tester12345
relampo0223@testingyes.com,tester12345
relampo0224@testingyes.com,tester12345
relampo0225@testingyes.com,tester12345
relampo0226@testingyes.com,tester12345
relampo0227@testingyes.com,tester12345
relampo0228@testingyes.com,tester12345
relampo0229@testingyes.com,tester12345
relampo0230@testingyes.com,tester12345
relampo0231@testingyes.com,tester12345
relampo0232@testingyes.com,tester12345
relampo0233@testingyes.com,tester12345
relampo0234@testingyes.com,tester12345
relampo0235@testingyes.com,tester12345
relampo0236@testingyes.com,tester12345
relampo0237@testingyes.com,tester12345
relampo0238@testingyes.com,tester12345
relampo0239@testingyes.com,tester12345
relampo0240@testingyes.com,tester12345
relampo0241@testingyes.com,tester12345
relampo0242@testingyes.com,tester12345
relampo0243@testingyes.com,tester12345
relampo0244@testingyes.com,tester12345
relampo0245@testingyes.com,tester12345
relampo0246@testingyes.com,tester12345
relampo0247@testingyes.com,tester12345
relampo0248@testingyes.com,tester12345
relampo0249@testingyes.com,tester12345
relampo0250@testingyes.com,tester12345
relampo0251@testingyes.com,tester12345
relampo0252@testingyes.com,tester12345
relampo0253@testingyes.com,tester12345
relampo0254@testingyes.com,tester12345
relampo0255@testingyes.com,tester12345
relampo0256@testingyes.com,tester12345
relampo0257@testingyes.com,tester12345
relampo0258@testingyes.com,tester12345
relampo0259@testingyes.com,tester12345
relampo0260@testingyes.com,tester12345
relampo0261@testingyes.com,tester12345
relampo0262@testingyes.com,tester12345
relampo0263@testingyes.com,tester12345
relampo0264@testingyes.com,tester12345
relampo0265@testingyes.com,tester12345
relampo0266@testingyes.com,tester12345
relampo0267@testingyes.com,tester12345
relampo0268@testingyes.com,tester12345
relampo0269@testingyes.com,tester12345
relampo0270@testingyes.com,tester12345
relampo0271@testingyes.com,tester12345
relampo0272@testingyes.com,tester12345
relampo0273@testingyes.com,tester12345
relampo0274@testingyes.com,tester12345
relampo0275@testingyes.com,tester12345
relampo0276@testingyes.com,tester12345
relampo0277@testingyes.com,tester12345
relampo0278@testingyes.com,tester12345
relampo0279@testingyes.com,tester12345
relampo0280@testingyes.com,tester12345
relampo0281@testingyes.com,tester12345
relampo0282@testingyes.com,tester12345
relampo0283@testingyes.com,tester12345
relampo0284@testingyes.com,tester12345
relampo0285@testingyes.com,tester12345
relampo0286@testingyes.com,tester12345
relampo0287@testingyes.com,tester12345
relampo0288@testingyes.com,tester12345
relampo0289@testingyes.com,tester12345
relampo0290@testingyes.com,tester12345
relampo0291@testingyes.com,tester12345
relampo0292@testingyes.com,tester12345
relampo0293@testingyes.com,tester12345
relampo0294@testingyes.com,tester12345
relampo0295@testingyes.com,tester12345
relampo0296@testingyes.com,tester12345
relampo0297@testingyes.com,tester12345
relampo0298@testingyes.com,tester12345
relampo0299@testingyes.com,tester12345
relampo0300@testingyes.com,tester12345
relampo0301@testingyes.com,tester12345
relampo0302@testingyes.com,tester12345
relampo0303@testingyes.com,tester12345
relampo0304@testingyes.com,tester12345
relampo0305@testingyes.com,tester12345
relampo0306@testingyes.com,tester12345
relampo0307@testingyes.com,tester12345
relampo0308@testingyes.com,tester12345
relampo0309@testingyes.com,tester12345
relampo0310@testingyes.com,tester12345
relampo0311@testingyes.com,tester12345
relampo0312@testingyes.com,tester12345
relampo0313@testingyes.com,tester12345
relampo0314@testingyes.com,tester12345
relampo0315@testingyes.com,tester12345
relampo0316@testingyes.com,tester12345
relampo0317@testingyes.com,tester12345
relampo0318@testingyes.com,tester12345
relampo0319@testingyes.com,tester12345
relampo0320@testingyes.com,tester12345
relampo0321@testingyes.com,tester12345
relampo0322@testingyes.com,tester12345
relampo0323@testingyes.com,tester12345
relampo0324@testingyes.com,tester12345
relampo0325@testingyes.com,tester12345
relampo0326@testingyes.com,tester12345
relampo0327@testingyes.com,tester12345
relampo0328@testingyes.com,tester12345
relampo0329@testingyes.com,tester12345
relampo0330@testingyes.com,tester12345
relampo0331@testingyes.com,tester12345
relampo0332@testingyes.com,tester12345
relampo0333@testingyes.com,tester12345
relampo0334@testingyes.com,tester12345
relampo0335@testingyes.com,tester12345
relampo0336@testingyes.com,tester12345
relampo0337@testingyes.com,tester12345
relampo0338@testingyes.com,tester12345
relampo0339@testingyes.com,tester12345
relampo0340@testingyes.com,tester12345
relampo0341@testingyes.com,tester12345
relampo0342@testingyes.com,tester12345
relampo0343@testingyes.com,tester12345
relampo0344@testingyes.com,tester12345
relampo0345@testingyes.com,tester12345
relampo0346@testingyes.com,tester12345
relampo0347@testingyes.com,tester12345
relampo0348@testingyes.com,tester12345
relampo0349@testingyes.com,tester12345
relampo0350@testingyes.com,tester12345
relampo0351@testingyes.com,tester12345
relampo0352@testingyes.com,tester12345
relampo0353@testingyes.com,tester12345
relampo0354@testingyes.com,tester12345
relampo0355@testingyes.com,tester12345
relampo0356@testingyes.com,tester12345
relampo0357@testingyes.com,tester12345
relampo0358@testingyes.com,tester12345
relampo0359@testingyes.com,tester12345
relampo0360@testingyes.com,tester12345
relampo0361@testingyes.com,tester12345
relampo0362@testingyes.com,tester12345
relampo0363@testingyes.com,tester12345
relampo0364@testingyes.com,tester12345
relampo0365@testingyes.com,tester12345
relampo0366@testingyes.com,tester12345
relampo0367@testingyes.com,tester12345
relampo0368@testingyes.com,tester12345
relampo0369@testingyes.com,tester12345
relampo0370@testingyes.com,tester12345
relampo0371@testingyes.com,tester12345
relampo0372@testingyes.com,tester12345
relampo0373@testingyes.com,tester12345
relampo0374@testingyes.com,tester12345
relampo0375@testingyes.com,tester12345
relampo0376@testingyes.com,tester12345
relampo0377@testingyes.com,tester12345
relampo0378@testingyes.com,tester12345
relampo0379@testingyes.com,tester12345
relampo0380@testingyes.com,tester12345
relampo0381@testingyes.com,tester12345
relampo0382@testingyes.com,tester12345
relampo0383@testingyes.com,tester12345
relampo0384@testingyes.com,tester12345
relampo0385@testingyes.com,tester12345
relampo0386@testingyes.com,tester12345
relampo0387@testingyes.com,tester12345
relampo0388@testingyes.com,tester12345
relampo0389@testingyes.com,tester12345
relampo0390@testingyes.com,tester12345
relampo0391@testingyes.com,tester12345
relampo0392@testingyes.com,tester12345
relampo0393@testingyes.com,tester12345
relampo0394@testingyes.com,tester12345
relampo0395@testingyes.com,tester12345
relampo0396@testingyes.com,tester12345
relampo0397@testingyes.com,tester12345
relampo0398@testingyes.com,tester12345
relampo0399@testingyes.com,tester12345
relampo0400@testingyes.com,tester12345
relampo0401@testingyes.com,tester12345
relampo0402@testingyes.com,tester12345
relampo0403@testingyes.com,tester12345
relampo0404@testingyes.com,tester12345
relampo0405@testingyes.com,tester12345
relampo0406@testingyes.com,tester12345
relampo0407@testingyes.com,tester12345
relampo0408@testingyes.com,tester12345
relampo0409@testingyes.com,tester12345
relampo0410@testingyes.com,tester12345
relampo0411@testingyes.com,tester12345
relampo0412@testingyes.com,tester12345
relampo0413@testingyes.com,tester12345
relampo0414@testingyes.com,tester12345
relampo0415@testingyes.com,tester12345
relampo0416@testingyes.com,tester12345
relampo0417@testingyes.com,tester12345
relampo0418@testingyes.com,tester12345
relampo0419@testingyes.com,tester12345
relampo0420@testingyes.com,tester12345
relampo0421@testingyes.com,tester12345
relampo0422@testingyes.com,tester12345
relampo0423@testingyes.com,tester12345
relampo0424@testingyes.com,tester12345
relampo0425@testingyes.com,tester12345
relampo0426@testingyes.com,tester12345
relampo0427@testingyes.com,tester12345
relampo0428@testingyes.com,tester12345
relampo0429@testingyes.com,tester12345
relampo0430@testingyes.com,tester12345
relampo0431@testingyes.com,tester12345
relampo0432@testingyes.com,tester12345
relampo0433@testingyes.com,tester12345
relampo0434@testingyes.com,tester12345
relampo0435@testingyes.com,tester12345
relampo0436@testingyes.com,tester12345
relampo0437@testingyes.com,tester12345
relampo0438@testingyes.com,tester12345
relampo0439@testingyes.com,tester12345
relampo0440@testingyes.com,tester12345
relampo0441@testingyes.com,tester12345
relampo0442@testingyes.com,tester12345
relampo0443@testingyes.com,tester12345
relampo0444@testingyes.com,tester12345
relampo0445@testingyes.com,tester12345
relampo0446@testingyes.com,tester12345
relampo0447@testingyes.com,tester12345
relampo0448@testingyes.com,tester12345
relampo0449@testingyes.com,tester12345
relampo0450@testingyes.com,tester12345
relampo0451@testingyes.com,tester12345
relampo0452@testingyes.com,tester12345
relampo0453@testingyes.com,tester12345
relampo0454@testingyes.com,tester12345
relampo0455@testingyes.com,tester12345
relampo0456@testingyes.com,tester12345
relampo0457@testingyes.com,tester12345
relampo0458@testingyes.com,tester12345
relampo0459@testingyes.com,tester12345
relampo0460@testingyes.com,tester12345
relampo0461@testingyes.com,tester12345
relampo0462@testingyes.com,tester12345
relampo0463@testingyes.com,tester12345
relampo0464@testingyes.com,tester12345
relampo0465@testingyes.com,tester12345
relampo0466@testingyes.com,tester12345
relampo0467@testingyes.com,tester12345
relampo0468@testingyes.com,tester12345
relampo0469@testingyes.com,tester12345
relampo0470@testingyes.com,tester12345
relampo0471@testingyes.com,tester12345
relampo0472@testingyes.com,tester12345
relampo0473@testingyes.com,tester12345
relampo0474@testingyes.com,tester12345
relampo0475@testingyes.com,tester12345
relampo0476@testingyes.com,tester12345
relampo0477@testingyes.com,tester12345
relampo0478@testingyes.com,tester12345
relampo0479@testingyes.com,tester12345
relampo0480@testingyes.com,tester12345
relampo0481@testingyes.com,tester12345
relampo0482@testingyes.com,tester12345
relampo0483@testingyes.com,tester12345
relampo0484@testingyes.com,tester12345
relampo0485@testingyes.com,tester12345
relampo0486@testingyes.com,tester12345
relampo0487@testingyes.com,tester12345
relampo0488@testingyes.com,tester12345
relampo0489@testingyes.com,tester12345
relampo0490@testingyes.com,tester12345
relampo0491@testingyes.com,tester12345
relampo0492@testingyes.com,tester12345
relampo0493@testingyes.com,tester12345
relampo0494@testingyes.com,tester12345
relampo0495@testingyes.com,tester12345
relampo0496@testingyes.com,tester12345
relampo0497@testingyes.com,tester12345
relampo0498@testingyes.com,tester12345
relampo0499@testingyes.com,tester12345
relampo0500@testingyes.com,tester12345
